CANMORE ID,SITE NUMBER,SITE NAME,SITE TYPE,SITE EASTING,SITE NORTHING,COUNCIL,COUNTY,PARISH,NGR,URL
33111,NO42NE 9,Morton,Settlement (Mesolithic),346700,725700,FIFE,FIFE,FORGAN,NO 467 257,http://canmore.org.uk/site/33111
37804,NR38NE 15,"Oronsay, 'caisteal Nan Gillean 2'",Shell Midden (Mesolithic),135860,688010,ARGYLL AND BUTE,ARGYLL,COLONSAY AND ORONSAY,NR 3586 8801,http://canmore.org.uk/site/37804
22202,NM49NW 3,"Rum, Farm Fields, Kinloch","Occupation Site (Period Unassigned), Unidentified Flint(S) (Flint), Unidentified Pottery (Neolithic)",140300,799800,HIGHLAND,INVERNESS-SHIRE,SMALL ISLES,NM 403 998,http://canmore.org.uk/site/22202
37801,NR38NE 12,"Oronsay, 'cnoc Sligeach'",Shell Midden (Mesolithic),137270,689090,ARGYLL AND BUTE,ARGYLL,COLONSAY AND ORONSAY,NR 3727 8909,http://canmore.org.uk/site/37801
37820,NR38NE 8,"Oronsay, 'caisteal Nan Gillean 1'",Midden (Mesolithic),135820,687970,ARGYLL AND BUTE,ARGYLL,COLONSAY AND ORONSAY,NR 3582 8797,http://canmore.org.uk/site/37820
181536,NG50SE 27,"Skye, Camas Daraich","Bloodstone Scatter (Mesolithic), Occupation Site (Mesolithic)(Possible), Shell Midden (Period Unassigned), Lithic Implement(S) (Mesolithic)",156700,800000,HIGHLAND,INVERNESS-SHIRE,SLEAT,NG 567 000,http://canmore.org.uk/site/181536
312134,NM45SW 62,Creit Dhu,"Hearth(S) (Mesolithic), Post Hole(S) (Mesolithic), Rubbish Pit(S) (Mesolithic), Stake Hole(S) (Mesolithic), Organic Material(S) (Mesolithic)",140930,753180,ARGYLL AND BUTE,ARGYLL,KILNINIAN AND KILMORE,NM 4093 5318,http://canmore.org.uk/site/312134
67452,NY36NW 34,Redkirk Point,"Hearth (Mesolithic), Occupation Site (Mesolithic)",330050,565140,DUMFRIES AND GALLOWAY,DUMFRIES-SHIRE,GRETNA,NY 3005 6514,http://canmore.org.uk/site/67452
70280,NR25NW 44,"Islay, Bolsay","Pit (Period Unassigned), Unidentified Flint(S) (Flint)",122390,657110,ARGYLL AND BUTE,ARGYLL,KILCHOMAN,NR 2239 5711,http://canmore.org.uk/site/70280
312113,NR36SE 72,"Islay, Airigh Ghuaidhre","Artefact Scatter (Mesolithic), Organic Material(S) (Bone), Organic Material(S) (Mesolithic)",139850,662700,ARGYLL AND BUTE,ARGYLL,KILLAROW AND KILMENY,NR 3985 6270,http://canmore.org.uk/site/312113
11349,NG46NE 19,"Skye, An Corran","Shell Midden (Period Unassigned), Flake (Chert), Point (Flint)",149000,868500,HIGHLAND,INVERNESS-SHIRE,KILMUIR,NG 490 685,http://canmore.org.uk/site/11349
22022,NM43NW 22,"A' Chrannag, Ulva","Cave (Period Unassigned), Animal Remains",143140,738430,ARGYLL AND BUTE,ARGYLL,KILNINIAN AND KILMORE,NM 4314 3843,http://canmore.org.uk/site/22022
22508,NM65NW 22,"Risga, Loch Sunart","Midden (Period Unassigned), Shell Midden (Period Unassigned), Structure (Period Unassigned), Flake(S), Hammer(S), Harpoon(S), Lithic Implement(S), Mattock(S)",161100,759900,HIGHLAND,ARGYLL,ARDNAMURCHAN,NM 611 599,http://canmore.org.uk/site/22508
22534,NM69SE 1,"Rubh' An Achaidh Mhoir, Glenancross, Morar","Midden (Mesolithic), Occupation Site (Mesolithic), Unidentified Flint(S) (Flint)(Mesolithic)",166300,792100,HIGHLAND,INVERNESS-SHIRE,ARISAIG AND MOIDART,NM 663 921,http://canmore.org.uk/site/22534
36638,NO79NE 23,Nether Mills Of Crathes,"Flint Scatter (Prehistoric), Settlement (Period Unassigned)(Possible)",375880,796160,ABERDEENSHIRE,KINCARDINESHIRE,BANCHORY-TERNAN,NO 7588 9616,http://canmore.org.uk/site/36638
37314,NR25NW 10,"Islay, Gleann Mor",Flint Scatter (Prehistoric),123320,658200,ARGYLL AND BUTE,ARGYLL,KILCHOMAN,NR 2332 5820,http://canmore.org.uk/site/37314
37817,NR38NE 5,"Oronsay, Oronsay Airstrip",Midden (Period Unassigned),136050,688330,ARGYLL AND BUTE,ARGYLL,COLONSAY AND ORONSAY,NR 3605 8833,http://canmore.org.uk/site/37817
38648,NR68NW 2,"Jura, Lussa Bay",Unidentified Flint(S) (Flint),164200,686800,ARGYLL AND BUTE,ARGYLL,JURA,NR 642 868,http://canmore.org.uk/site/38648
74460,NR39SE 99,"Colonsay, Staosnaig",Flint Scatter (Prehistoric),138750,693310,ARGYLL AND BUTE,ARGYLL,COLONSAY AND ORONSAY,NR 3875 9331,http://canmore.org.uk/site/74460
98306,NR46NW 62,"Islay, Port Na Seilich","Archaeological Feature(S) (Mesolithic), Artefact Scatter (Mesolithic), Croft (19-20th Century)(Possible), Standing Stone (Period Unassigned), Township (Period Unassigned), Wall(S) (Period Unassigned)",143040,667450,ARGYLL AND BUTE,ARGYLL,KILLAROW AND KILMENY,NR 4304 6745,http://canmore.org.uk/site/98306
143603,NR35NW 56,"Islay, General",Island (Period Unassigned),132000,656000,ARGYLL AND BUTE,ARGYLL,KILLAROW AND KILMENY,NR 3200 5600,http://canmore.org.uk/site/143603
3871,HZ27SW 2,"Fair Isle, North Haven","Axehead (Flint)(Mesolithic), Core (Flint)(Mesolithic)",422000,1072000,SHETLAND ISLANDS,SHETLAND,DUNROSSNESS,HZ 22 72,http://canmore.org.uk/site/3871
11933,NG85SW 2,"Ceann-locha, Shieldaig",Occupation Site (Mesolithic),181620,852270,HIGHLAND,ROSS AND CROMARTY,APPLECROSS,NG 8162 5227,http://canmore.org.uk/site/11933
22497,NM66NW 3,"Ardnamurchan, Kentra Bay, Bruach Na Maorach","Flake (Bloodstone)(Mesolithic), Unidentified Flint(S) (Flint)(Mesolithic)",164500,767600,HIGHLAND,ARGYLL,ARDNAMURCHAN,NM 645 676,http://canmore.org.uk/site/22497
22894,NM82NE 2,"Oban, Druimvargie Rock Shelter","Cave (Mesolithic), Occupation Site (Mesolithic)",185740,729620,ARGYLL AND BUTE,ARGYLL,KILMORE AND KILBRIDE,NM 8574 2962,http://canmore.org.uk/site/22894
22947,NM82NW 20,"Oban, Carding Mill Bay","Cist (Period Unassigned), Shell Midden (Period Unassigned)",184700,729400,ARGYLL AND BUTE,ARGYLL,KILMORE AND KILBRIDE,NM 847 294,http://canmore.org.uk/site/22947
37818,NR38NE 6,"Oronsay, 'cnoc Coig'","Midden (Period Unassigned), Unidentified Flint(S) (Flint)",136050,688570,ARGYLL AND BUTE,ARGYLL,COLONSAY AND ORONSAY,NR 3605 8857,http://canmore.org.uk/site/37818
37823,NR38NW 2,"Oronsay, 'priory Midden'",Shell Midden (Mesolithic),134680,688950,ARGYLL AND BUTE,ARGYLL,COLONSAY AND ORONSAY,NR 3468 8895,http://canmore.org.uk/site/37823
38261,NR57NW 1,"Jura, Glenbatrick","Occupation Site (Period Unassigned), Leaf Arrowhead, Microlith(S)",151860,679840,ARGYLL AND BUTE,ARGYLL,JURA,NR 5186 7984,http://canmore.org.uk/site/38261
38650,NR68NW 4,"Jura, Lussa Wood","Occupation Site (Period Unassigned), Axehead (Porcellanite)(Possible), Microlith(S)",164490,687340,ARGYLL AND BUTE,ARGYLL,JURA,NR 6449 8734,http://canmore.org.uk/site/38650
40371,NS06NW 8,"Bute, Glecknabae","Chambered Cairn (Neolithic), Shell Midden (Mesolithic), Short Cist (Bronze Age)",200745,668263,ARGYLL AND BUTE,BUTESHIRE,NORTH BUTE,NS 00745 68263,http://canmore.org.uk/site/40371
62046,NX19NE 21,Girvan Mains,"Flint Scatter (Mesolithic), Unidentified Flint(S) (Flint)(Mesolithic), Unidentified Pottery (Medieval)",218600,598800,SOUTH AYRSHIRE,AYRSHIRE,GIRVAN,NX 186 988,http://canmore.org.uk/site/62046
62590,NX29NW 12,"Enoch, Girvan","Flint Scatter (Mesolithic), Unidentified Flint(S) (Flint)(Mesolithic)",220400,598700,SOUTH AYRSHIRE,AYRSHIRE,GIRVAN,NX 204 987,http://canmore.org.uk/site/62590
62827,NX34SW 2,"Pate's Port, Barsalloch","Occupation Site (Period Unassigned), Unidentified Flint(S) (Flint)",234380,542110,DUMFRIES AND GALLOWAY,WIGTOWNSHIRE,MOCHRUM,NX 3438 4211,http://canmore.org.uk/site/62827
63591,NX49NE 10,Loch Doon,Unidentified Flint(S) (Flint),249400,596400,EAST AYRSHIRE,AYRSHIRE,STRAITON (CUMNOCK AND DOON VALLEY),NX 494 964,http://canmore.org.uk/site/63591
63592,NX49NE 2,Loch Doon,Unidentified Flint(S) (Flint),249600,595400,DUMFRIES AND GALLOWAY,KIRKCUDBRIGHTSHIRE,CARSPHAIRN,NX 496 954,http://canmore.org.uk/site/63592
63614,NX49SE 3,Loch Doon 19,Unidentified Flint(S) (Flint),248400,593500,EAST AYRSHIRE,AYRSHIRE,STRAITON (CUMNOCK AND DOON VALLEY),NX 484 935,http://canmore.org.uk/site/63614
63778,NX57NE 3,Clatteringshaws Loch,Lithic Working Site (Prehistoric),255320,577610,DUMFRIES AND GALLOWAY,KIRKCUDBRIGHTSHIRE,KELLS,NX 5532 7761,http://canmore.org.uk/site/63778
63781,NX57NE 6,Clatteringshaws Loch,Unidentified Flint(S) (Flint),255200,577700,DUMFRIES AND GALLOWAY,KIRKCUDBRIGHTSHIRE,KELLS,NX 552 777,http://canmore.org.uk/site/63781
75183,NM82NE 61,"Gleann Sheileach, Lon Mor",Occupation Site (Mesolithic),185350,728350,ARGYLL AND BUTE,ARGYLL,KILMORE AND KILBRIDE,NM 8535 2835,http://canmore.org.uk/site/75183
81320,NT17NE 91,Cramond,"Kiln (Period Unassigned)(Possible), Pit (Period Unassigned), Bead, Microlith(S), Unidentified Flint(S) (Flint)",318990,676970,"EDINBURGH, CITY OF",MIDLOTHIAN,"EDINBURGH (EDINBURGH, CITY OF)",NT 1899 7697,http://canmore.org.uk/site/81320
123591,NS90NE 10,Daer Reservoir,Lithic Working Site (Prehistoric),298600,608270,SOUTH LANARKSHIRE,LANARKSHIRE,CRAWFORD,NS 9860 0827,http://canmore.org.uk/site/123591
157986,NG64NE 5,Sand,"Midden(S) (Period Unassigned), Rock Shelter(S) (Period Unassigned)",168410,849340,HIGHLAND,ROSS AND CROMARTY,APPLECROSS,NG 6841 4934,http://canmore.org.uk/site/157986
215221,ND34NW 43,Oliclett,Lithic Scatter (Mesolithic),330400,945500,HIGHLAND,CAITHNESS,WICK,ND 304 455,http://canmore.org.uk/site/215221
299865,NM25SW 12,Fiskary Bay,"Lithic Scatter (Mesolithic), Animal Remains (Mesolithic), Organic Material (Charcoal)(Mesolithic)",121160,754940,ARGYLL AND BUTE,ARGYLL,COLL,NM 2116 5494,http://canmore.org.uk/site/299865
304907,NR46NW 93,"Islay, Port Na Seilich",Artefact Scatter (Mesolithic),143022,667506,ARGYLL AND BUTE,ARGYLL,KILLAROW AND KILMENY,NR 43022 67506,http://canmore.org.uk/site/304907
317868,NM82NE 186,Kilmore,"Lithic Scatter (Mesolithic), Occupation Site (Mesolithic)",188200,725280,ARGYLL AND BUTE,ARGYLL,KILMORE AND KILBRIDE,NM 8820 2528,http://canmore.org.uk/site/317868
2848,HY45SE 1,"Papa Westray, Knap Of Howar","Settlement (Neolithic), Lithic Implement(S) (Flint)(Neolithic), Lithic Implement(S) (Chert)(Neolithic)",348300,1051800,ORKNEY ISLANDS,ORKNEY,PAPA WESTRAY,HY 4830 5180,http://canmore.org.uk/site/2848
6421,NC76SW 25,Baile Mhargaite,"Findspot (20th Century), Lithic Implement(S) (Mesolithic)",270000,961400,HIGHLAND,SUTHERLAND,FARR,NC 700 614,http://canmore.org.uk/site/6421
13315,NH64NE 104,"Inverness, 13 - 21 Castle Street","Settlement (Medieval), Unidentified Flint(S) (Flint)",266730,845180,HIGHLAND,INVERNESS-SHIRE,INVERNESS AND BONA,NH 6673 4518,http://canmore.org.uk/site/13315
16878,NJ35NE 5,"Fochabers, Boghead","Burial (Period Unassigned), Cairn (Period Unassigned), Lithic Implement(S) (Flint)(Neolithic), Unidentified Pottery",335940,859220,MORAY,MORAYSHIRE,BELLIE,NJ 3594 5922,http://canmore.org.uk/site/16878
22481,NM65SE 6,Acharn,"Occupation Site(S) (Mesolithic), Unidentified Flint(S) (Flint)(Mesolithic)",169750,750480,HIGHLAND,ARGYLL,MORVERN,NM 6975 5048,http://canmore.org.uk/site/22481
22882,NM81SW 9,"An Sithean, Kilmelford","Cave (Period Unassigned), Lithic Working Site (Palaeolithic), Core(S) (Flint)(Palaeolithic), Debitage (Flint)(Palaeolithic), Lithic Implement(S) (Flint)(Palaeolithic)",184050,714750,ARGYLL AND BUTE,ARGYLL,KILNINVER AND KILMELFORD,NM 8405 1475,http://canmore.org.uk/site/22882
33395,NO43SE 14,"Broughty Ferry, Orchar Park","Lithic Working Site (Mesolithic), Occupation Site (Mesolithic)",347200,731100,"DUNDEE, CITY OF",ANGUS,"DUNDEE (DUNDEE, CITY OF)",NO 472 311,http://canmore.org.uk/site/33395
36639,NO79NE 24,Durris Bridge,"Flint Scatter (Neolithic), Flint Scatter (Mesolithic)",375050,796000,ABERDEENSHIRE,KINCARDINESHIRE,BANCHORY-TERNAN,NO 7505 9600,http://canmore.org.uk/site/36639
37821,NR38NE 9,Oronsay,Shell Midden (Mesolithic),135040,688800,ARGYLL AND BUTE,ARGYLL,COLONSAY AND ORONSAY,NR 3504 8880,http://canmore.org.uk/site/37821
38795,NR72SW 14,Campbeltown,"Findspot, Lithic Implement(S) (Flint)",171000,620000,ARGYLL AND BUTE,ARGYLL,CAMPBELTOWN,NR 71 20,http://canmore.org.uk/site/38795
39657,NR92SE 21,"Arran, Auchareoch","Occupation Site (Mesolithic)(Possible), Flake (Flint), Flake (Pitchstone)",199500,624700,NORTH AYRSHIRE,BUTESHIRE,KILMORY,NR 995 247,http://canmore.org.uk/site/39657
40645,NS15NW 9,"Bute, Little Kilchattan",Lithic Working Site (Prehistoric),210500,656500,ARGYLL AND BUTE,BUTESHIRE,KINGARTH,NS 105 565,http://canmore.org.uk/site/40645
41920,NS33NW 16,Shewalton Moor,Lithic Implement(S),233220,636620,NORTH AYRSHIRE,AYRSHIRE,DUNDONALD (CUNNINGHAME),NS 3322 3662,http://canmore.org.uk/site/41920
48700,NT03NW 66,Biggar Common,"Cairn(S) (Period Unassigned), Axehead(S) (Stone), Lithic Implement(S) (Flint)",300000,638000,SOUTH LANARKSHIRE,LANARKSHIRE,BIGGAR,NT 00 38,http://canmore.org.uk/site/48700
48896,NT04NW 39,Weston Farm,Flint Scatter (Prehistoric),303400,646100,SOUTH LANARKSHIRE,LANARKSHIRE,DUNSYRE,NT 034 461,http://canmore.org.uk/site/48896
53060,NT32NE 15,Yarrow,"Findspot, Microlith(S) (Mesolithic), Unidentified Flint(S) (Flint)(Mesolithic), Worked Object (Stone)",335000,627000,"SCOTTISH BORDERS, THE",SELKIRKSHIRE,YARROW,NT 35 27,http://canmore.org.uk/site/53060
60714,NX06NW 14,Kirkcolm Parish,Axehead(S) (Stone),,,DUMFRIES AND GALLOWAY,WIGTOWNSHIRE,KIRKCOLM,NX  ,http://canmore.org.uk/site/60714
61311,NX15SW 30,Luce Sands,"Bead(S), Socketed Axehead (Bronze), Unidentified Flint(S) (Flint), Unidentified Pottery (Neol/bronze Age)",,,DUMFRIES AND GALLOWAY,WIGTOWNSHIRE,OLD LUCE,NX  ,http://canmore.org.uk/site/61311
62268,NX25SW 37,Auchenmalg,Unidentified Flint(S) (Flint),223470,551970,DUMFRIES AND GALLOWAY,WIGTOWNSHIRE,OLD LUCE,NX 2347 5197,http://canmore.org.uk/site/62268
63070,NX43NE 16,Sheddock,"Midden (Period Unassigned), Axehead (Stone), Unidentified Flint(S) (Flint)",247600,539700,DUMFRIES AND GALLOWAY,WIGTOWNSHIRE,WHITHORN,NX 476 397,http://canmore.org.uk/site/63070
63077,NX43NE 22,Sheddock,"Flint Scatter (Prehistoric), Shell Midden (Period Unassigned)",247700,539200,DUMFRIES AND GALLOWAY,WIGTOWNSHIRE,WHITHORN,NX 477 392,http://canmore.org.uk/site/63077
70295,NR39SE 97,"Colonsay, Machrins",Flint Scatter (Prehistoric),137100,693300,ARGYLL AND BUTE,ARGYLL,COLONSAY AND ORONSAY,NR 371 933,http://canmore.org.uk/site/70295
76156,NJ83NW 29,Little Gight,"Microlith(S), Unidentified Flint(S) (Flint)",383900,839600,ABERDEENSHIRE,ABERDEENSHIRE,FYVIE,NJ 839 396,http://canmore.org.uk/site/76156
83186,NR83SE 36,"Arran, Machrie",Lithic Working Site (Mesolithic),189800,632900,NORTH AYRSHIRE,BUTESHIRE,KILMORY,NR 898 329,http://canmore.org.uk/site/83186
87292,NO88NE 85,Spurryhillock,"Pit(S) (Period Unassigned), Unidentified Pottery",385200,786100,ABERDEENSHIRE,KINCARDINESHIRE,FETTERESSO,NO 852 861,http://canmore.org.uk/site/87292
123482,NT14NW 50,Garvald Burn,Chert Scatter (Prehistoric),310100,648600,"SCOTTISH BORDERS, THE",PEEBLES-SHIRE,LINTON (TWEEDDALE),NT 101 486,http://canmore.org.uk/site/123482
123592,NS90NE 11,Daer Reservoir,Lithic Working Site (Prehistoric),298420,608020,SOUTH LANARKSHIRE,LANARKSHIRE,CRAWFORD,NS 9842 0802,http://canmore.org.uk/site/123592
158002,NG65SW 6,"Skye, Loch A' Sguirr","Midden (Period Unassigned), Rock Shelter (Period Unassigned)",160840,852860,HIGHLAND,INVERNESS-SHIRE,PORTREE,NG 6084 5286,http://canmore.org.uk/site/158002
161140,NG24SE 43,"Skye, Orbost","Microlith(S), Unidentified Flint(S) (Flint)",125650,842550,HIGHLAND,INVERNESS-SHIRE,DUIRINISH,NG 2565 4255,http://canmore.org.uk/site/161140
192295,NG64NE 8,Sand,"Cave (Period Unassigned), Rock Shelter (Period Unassigned)",168440,849170,HIGHLAND,ROSS AND CROMARTY,APPLECROSS,NG 6844 4917,http://canmore.org.uk/site/192295
273024,NJ92NE 127,Macharmuir,Flint Scatter (Mesolithic),399800,829300,ABERDEENSHIRE,ABERDEENSHIRE,LOGIE BUCHAN,NJ 998 293,http://canmore.org.uk/site/273024
276033,NX25SW 71,Stairhaven,Core (Flint),220000,554000,DUMFRIES AND GALLOWAY,WIGTOWNSHIRE,OLD LUCE,NX 20 54,http://canmore.org.uk/site/276033
282767,HY21SE 91,Ragashore,Flint Scatter (Mesolithic),327500,1011500,ORKNEY ISLANDS,ORKNEY,STROMNESS,HY 275 115,http://canmore.org.uk/site/282767
300439,HY62NE 57,"Stronsay, Links House","Flint Scatter(S) (Mesolithic), Pit(S) (Period Unassigned), Post Hole(S) (Period Unassigned), Structure(S) (Mesolithic), Organic Material",365500,1025700,ORKNEY ISLANDS,ORKNEY,STRONSAY,HY 6550 2570,http://canmore.org.uk/site/300439
315255,NS31NW 165,High Greenan,"Ditch(S) (Post Medieval), Field System (Post Medieval), Pit(S) (Neolithic), Post Hole(S) (Mesolithic), Post Hole(S) (Period Unknown), Ring Ditch House(S) (Prehistoric), Lithic Implement(S) (Mesolithic), Lithic Implement(S) (Neolithic), Unidentified Pottery(S) (Prehistoric)",231400,618770,SOUTH AYRSHIRE,AYRSHIRE,MAYBOLE,NS 3140 1877,http://canmore.org.uk/site/315255
351572,NG85NW 137,Camas Ruadh,Occupation Site (Mesolithic),181270,855890,HIGHLAND,ROSS AND CROMARTY,APPLECROSS,NG 81270 55890,http://canmore.org.uk/site/351572
355503,NR78NW 51,Tayvallich,"Buried Land Surface(S) (Mesolithic), Hearth(S), Occupation Site (Neolithic)(Possible), Pit(S), Post Hole(S), Stake Hole(S), Lithic Implement(S) (Mesolithic)",174093,687435,ARGYLL AND BUTE,ARGYLL,NORTH KNAPDALE,NR 74093 87435,http://canmore.org.uk/site/355503
2136,HY31SW 48,Stenness,Lithic Implement(S) (Flint),332000,1011000,ORKNEY ISLANDS,ORKNEY,STENNESS,HY 32 11,http://canmore.org.uk/site/2136
2422,HY41NW 11,South Aittit,Unidentified Flint(S) (Flint),342200,1019600,ORKNEY ISLANDS,ORKNEY,EVIE AND RENDALL,HY 422 196,http://canmore.org.uk/site/2422
4615,NC21NE 1,Creag Nan Uamh,"Cave(S), Human Remains (Neolithic), Animal Remains (Palaeolithic), Awl (Bone)(Medieval), Pin (Ivory)(Medieval)",226790,917040,HIGHLAND,SUTHERLAND,ASSYNT,NC 2679 1704,http://canmore.org.uk/site/4615
9279,ND36NE 27,Tofts Farm,Lithic Implement(S) (Flint),336600,968800,HIGHLAND,CAITHNESS,CANISBAY,ND 366 688,http://canmore.org.uk/site/9279
9280,ND36NE 28,Skirza,Worked Object(S) (Flint),338500,968200,HIGHLAND,CAITHNESS,CANISBAY,ND 385 682,http://canmore.org.uk/site/9280
9405,ND37SE 9,John O' Groats House Hotel,Lithic Implement(S) (Flint),337960,973280,HIGHLAND,CAITHNESS,CANISBAY,ND 3796 7328,http://canmore.org.uk/site/9405
9857,NF72SW 11,"South Uist, Daliburgh, Cladh Hallan","Arrowhead (Iron), Barbed And Tanged Arrowhead (Flint), Brooch (Bronze), Microlith(S)",73400,821900,WESTERN ISLES,INVERNESS-SHIRE,SOUTH UIST,NF 734 219,http://canmore.org.uk/site/9857
11754,NG76NW 1,Redpoint,Lithic Working Site (Prehistoric),172750,868550,HIGHLAND,ROSS AND CROMARTY,GAIRLOCH,NG 7275 6855,http://canmore.org.uk/site/11754
13352,NH64NE 135,"Inverness, Castle Street",Shell Midden (Period Unassigned),266700,845200,HIGHLAND,INVERNESS-SHIRE,INVERNESS AND BONA,NH 667 452,http://canmore.org.uk/site/13352
13353,NH64NE 136,"Inverness, High Street",Shell Midden (Period Unassigned)(Possible),266700,845200,HIGHLAND,INVERNESS-SHIRE,INVERNESS AND BONA,NH 667 452,http://canmore.org.uk/site/13353
13390,NH64NE 38,"Inverness, Canal Road",Shell Midden (Period Unassigned),265200,845700,HIGHLAND,INVERNESS-SHIRE,INVERNESS AND BONA,NH 652 457,http://canmore.org.uk/site/13390
15942,NJ06SW 50,Culbin Sands,Scraper (Tool)(S) (Flint)(Mesolithic),300000,860000,MORAY,MORAYSHIRE,DYKE AND MOY,NJ 0 6,http://canmore.org.uk/site/15942
17558,NJ51NE 6,Bridge Of Alford,Flint Scatter (Mesolithic),355000,816000,ABERDEENSHIRE,ABERDEENSHIRE,ALFORD,NJ 55 16,http://canmore.org.uk/site/17558
19399,NJ80SE 36,Maryculter Bridge,"Findspot, Unidentified Flint(S) (Flint)(Mesolithic)",385700,800500,"ABERDEEN, CITY OF",ABERDEENSHIRE,PETERCULTER,NJ 857 005,http://canmore.org.uk/site/19399
19497,NJ81NW 35,Waterside,"Cairn (Period Unassigned), Cup Marked Stone (Prehistoric), Flake (Flint), Unidentified Pottery (Bronze Age)",380450,816350,ABERDEENSHIRE,ABERDEENSHIRE,FINTRAY,NJ 8045 1635,http://canmore.org.uk/site/19497
20208,NJ90NW 82,"Aberdeen, Shore Brae","Findspot (20th Century), Unidentified Flint(S) (Flint)(Mesolithic)",394370,806120,"ABERDEEN, CITY OF",ABERDEENSHIRE,ABERDEEN,NJ 9437 0612,http://canmore.org.uk/site/20208
20389,NJ92SE 13,Menie Links,Lithic Working Site (Prehistoric),399300,821200,ABERDEENSHIRE,ABERDEENSHIRE,BELHELVIE,NJ 993 212,http://canmore.org.uk/site/20389
20496,NJ93SE 32,Mains Of Waterton,Cave (Period Unassigned),398880,830050,ABERDEENSHIRE,ABERDEENSHIRE,ELLON,NJ 9888 3005,http://canmore.org.uk/site/20496
20857,NK02NW 4,Sands Of Forvie,"Lithic Working Site (Prehistoric), Midden(S) (Period Unassigned)",401150,825630,ABERDEENSHIRE,ABERDEENSHIRE,SLAINS,NK 0115 2563,http://canmore.org.uk/site/20857
23066,NM83SE 9,"Oban, Macarthur Cave","Cave (Period Unassigned), Inhumation(S) (Period Unassigned), Implement(S) (Bone), Unidentified Flint(S) (Flint)",185920,730430,ARGYLL AND BUTE,ARGYLL,KILMORE AND KILBRIDE,NM 8592 3043,http://canmore.org.uk/site/23066
24157,NN53NE 1,Creag Na Caillich,"Stone Axe Factory (Neol/bronze Age), Axehead (Stone)",256240,736810,STIRLING,PERTHSHIRE,KILLIN,NN 5624 3681,http://canmore.org.uk/site/24157
24495,NN63NW 21,Burn Of Edramucky,"Shieling Hut(S) (Post Medieval), Still (Period Unassigned)",261362,739252,PERTH AND KINROSS,PERTHSHIRE,KENMORE (PERTH AND KINROSS),NN 61362 39252,http://canmore.org.uk/site/24495
26384,NN95SW 6,Pitnacree,"Barrow (Prehistoric), Unidentified Pottery (Neolithic)",292870,753370,PERTH AND KINROSS,PERTHSHIRE,LOGIERAIT,NN 9287 5337,http://canmore.org.uk/site/26384
28388,NO12SW 24,Friarton,Logboat,311750,721920,PERTH AND KINROSS,PERTHSHIRE,PERTH,NO 1175 2192,http://canmore.org.uk/site/28388
32928,NO41NW 30,Blebocraigs,"Microlith(S), Unidentified Flint(S) (Flint)",342600,715200,FIFE,FIFE,KEMBACK,NO 426 152,http://canmore.org.uk/site/32928
33194,NO42SE 16,Tentsmuir,"Settlement (Period Unassigned), Axe(S) (Stone)(Neolithic), Barbed And Tanged Arrowhead(S) (Bronze Age), Bead(S) (Bronze Age), Beaker(S) (Neol/bronze Age), Coin(S) (Medieval), Finger Ring (Bronze)(Romano-british), Food Vessel(S) (Bronze Age), Food Vessel Urn(S) (Bronze Age), Leaf Arrowhead(S) (Flint)(Neolithic), Lithic Implement (Flint)(Mesolithic), Unidentified Pottery (Neolithic), Unidentified Pottery (Medieval)",348000,725000,FIFE,FIFE,LEUCHARS,NO 48 25,http://canmore.org.uk/site/33194
33477,NO43SW 20,"Dundee, Stannergate","Cist (Early Medieval), Cist(S) (Bronze Age), Midden (Mesolithic), Axehead (Stone), Food Vessel",342700,731000,"DUNDEE, CITY OF",ANGUS,"DUNDEE (DUNDEE, CITY OF)",NO 427 310,http://canmore.org.uk/site/33477
35355,NO60NW 5,Danes Dike,Earthwork (Period Unassigned),363240,709840,FIFE,FIFE,CRAIL,NO 6324 0984,http://canmore.org.uk/site/35355
35955,NO66NW 27,Dalladies,Long Barrow (Neolithic),362760,767370,ABERDEENSHIRE,KINCARDINESHIRE,FETTERCAIRN,NO 6276 6737,http://canmore.org.uk/site/35955
36202,NO69SE 11,Castlehill Of Strachan,Occupation Site (Period Unassigned),365740,792100,ABERDEENSHIRE,KINCARDINESHIRE,STRACHAN,NO 6574 9210,http://canmore.org.uk/site/36202
36669,NO79NW 16,Balbridie,Timber Hall,373350,795900,ABERDEENSHIRE,KINCARDINESHIRE,BANCHORY-TERNAN,NO 7335 9590,http://canmore.org.uk/site/36669
36670,NO79NW 17,"Crathes, Warren Field",Timber Hall,373930,796700,ABERDEENSHIRE,KINCARDINESHIRE,BANCHORY-TERNAN,NO 7393 9670,http://canmore.org.uk/site/36670
36694,NO79NW 9,Birkwood,Flint Scatter (Prehistoric),371030,795690,ABERDEENSHIRE,KINCARDINESHIRE,BANCHORY-TERNAN,NO 7103 9569,http://canmore.org.uk/site/36694
37307,NR25NE 4,"Islay, Port Charlotte Beach","Findspot, Blade(S), Core(S), Flake(S)",125300,658500,ARGYLL AND BUTE,ARGYLL,KILCHOMAN,NR 253 585,http://canmore.org.uk/site/37307
37319,NR25NW 15,"Islay, Port Charlotte, Cnoc A' Chuirn",Cairn (Period Unassigned),123880,656740,ARGYLL AND BUTE,ARGYLL,KILCHOMAN,NR 2388 5674,http://canmore.org.uk/site/37319
37320,NR25NW 16,"Islay, Cnoc A' Chuirn 2",Site (Period Unassigned),123900,656740,ARGYLL AND BUTE,ARGYLL,KILCHOMAN,NR 2390 5674,http://canmore.org.uk/site/37320
37327,NR25NW 22,"Islay, Craigfad",Natural Feature (Period Unknown),123550,655900,ARGYLL AND BUTE,ARGYLL,KILCHOMAN,NR 2355 5590,http://canmore.org.uk/site/37327
37341,NR25NW 35,"Islay, Carn, Port Charlotte","Findspot, Hammerstone, Lithic Implement(S) (Flint)",124400,657000,ARGYLL AND BUTE,ARGYLL,KILCHOMAN,NR 244 570,http://canmore.org.uk/site/37341
37375,NR26NE 4,"Islay, Loch An Fhir Mhoir",Fortified Island (Period Unassigned)(Possible),126370,669320,ARGYLL AND BUTE,ARGYLL,KILCHOMAN,NR 2637 6932,http://canmore.org.uk/site/37375
37411,NR26NW 5,"Islay, Aird Thorr-innis","Cultivation Remains (Period Unassigned), Farmstead (Period Unassigned)",121030,667550,ARGYLL AND BUTE,ARGYLL,KILCHOMAN,NR 2103 6755,http://canmore.org.uk/site/37411
37428,NR26SE 4,"Islay, Traigh An Luig",Structure(S) (Period Unassigned),127700,663000,ARGYLL AND BUTE,ARGYLL,KILCHOMAN,NR 277 630,http://canmore.org.uk/site/37428
37430,NR26SE 6,"Islay, Cnoc Iolairean","Enclosure(S) (Period Unassigned), Quarry(S) (Period Unassigned)",128700,663600,ARGYLL AND BUTE,ARGYLL,KILCHOMAN,NR 287 636,http://canmore.org.uk/site/37430
37433,NR26SE 9,"Islay, Foreland House",Cist(S) (Period Unassigned),126910,663550,ARGYLL AND BUTE,ARGYLL,KILCHOMAN,NR 2691 6355,http://canmore.org.uk/site/37433
37506,NR27SE 7,"Islay, Kilnave","Findspot, Core(S) (Flint), Flake(S) (Flint)",128630,671600,ARGYLL AND BUTE,ARGYLL,KILCHOMAN,NR 2863 7160,http://canmore.org.uk/site/37506
37507,NR27SE 8,"Islay, Ardnave","Findspot, Lithic Implement(S) (Stone), Unidentified Flint(S) (Flint)",129200,673200,ARGYLL AND BUTE,ARGYLL,KILCHOMAN,NR 292 732,http://canmore.org.uk/site/37507
37508,NR27SE 9,"Islay, Ardnave","Cairn(S) (Period Unassigned)(Possible), Unidentified Flint(S) (Flint), Unidentified Pottery",129300,673400,ARGYLL AND BUTE,ARGYLL,KILCHOMAN,NR 293 734,http://canmore.org.uk/site/37508
37792,NR37SW 2,"Islay, Cnoc A'mhoirt",Midden(S) (Period Unassigned)(Possible),130930,672070,ARGYLL AND BUTE,ARGYLL,KILLAROW AND KILMENY,NR 3093 7207,http://canmore.org.uk/site/37792
37819,NR38NE 7,"Oronsay, Airigh Na Creige",Midden (Period Unassigned),137210,689280,ARGYLL AND BUTE,ARGYLL,COLONSAY AND ORONSAY,NR 3721 8928,http://canmore.org.uk/site/37819
38416,NR62SE 25,Aros Moss,No Class (Event),167000,622000,ARGYLL AND BUTE,ARGYLL,CAMPBELTOWN,NR 67 22,http://canmore.org.uk/site/38416
38458,NR63NE 31,Rosehill,Lithic Working Site (Prehistoric),166500,637800,ARGYLL AND BUTE,ARGYLL,KILLEAN AND KILCHENZIE,NR 665 378,http://canmore.org.uk/site/38458
38604,NR65SE 19,"Gigha, Kinerarach","Findspot, Lithic Scatter (Mesolithic), Polished Axehead (Stone)",165900,653480,ARGYLL AND BUTE,ARGYLL,GIGHA AND CARA,NR 6590 5348,http://canmore.org.uk/site/38604
38649,NR68NW 3,"Jura, Lussa River","Occupation Site (Period Unassigned), Lithic Implement(S)",164480,687340,ARGYLL AND BUTE,ARGYLL,JURA,NR 6448 8734,http://canmore.org.uk/site/38649
38672,NR69SE 3,"Jura, North Carn","Lithic Implement(S) (Stone), Microlith(S)",168500,693900,ARGYLL AND BUTE,ARGYLL,JURA,NR 685 939,http://canmore.org.uk/site/38672
38673,NR69SE 4,"Jura, Lealt Bay","Lithic Implement(S) (Stone), Microlith(S)",166200,690200,ARGYLL AND BUTE,ARGYLL,JURA,NR 662 902,http://canmore.org.uk/site/38673
39624,NR92NW 16,"Arran, Shiskine","Findspot, Unidentified Flint(S) (Flint)(Mesolithic)",191000,629000,NORTH AYRSHIRE,BUTESHIRE,KILMORY,NR 91 29,http://canmore.org.uk/site/39624
39664,NR92SE 9,"Arran, Bennan, Black Cave","Cave, Place Of Worship (Post Medieval), Shell Midden (Mesolithic)(Possible), Arrowhead (Prehistoric), Unidentified Flint(S) (Flint)(Prehistoric)",199297,620264,NORTH AYRSHIRE,BUTESHIRE,KILMORY,NR 99297 20264,http://canmore.org.uk/site/39664
39776,NR93SW 76,"Arran, Machrie Moor","No Class (Event), Ecofacts, Plant Remains",190500,631500,NORTH AYRSHIRE,BUTESHIRE,KILMORY,NR 905 315,http://canmore.org.uk/site/39776
39783,NR94NW 4,"Arran, Catacol","Findspot (20th Century), Unidentified Flint(S) (Flint)(Mesolithic)",191100,649500,NORTH AYRSHIRE,BUTESHIRE,KILMORY,NR 911 495,http://canmore.org.uk/site/39783
40100,NS02NW 23,"Arran, Knockenkelly","Findspot (20th Century), Unidentified Flint(S) (Flint)",204000,627000,NORTH AYRSHIRE,BUTESHIRE,KILBRIDE,NS 04 27,http://canmore.org.uk/site/40100
40249,NS05NE 26,"Bute, Ardnahoe","Findspot, Core (Flint)",207000,657500,ARGYLL AND BUTE,BUTESHIRE,KINGARTH,NS 070 575,http://canmore.org.uk/site/40249
40586,NS10SE 2,Girvan Mains,Unidentified Flint(S) (Flint),219480,600010,SOUTH AYRSHIRE,AYRSHIRE,GIRVAN,NS 1948 0001,http://canmore.org.uk/site/40586
40588,NS14NE 10,Yonderfield,"Lithic Implement(S) (Quartz), Lithic Implement(S) (Flint)",219500,648000,NORTH AYRSHIRE,AYRSHIRE,WEST KILBRIDE,NS 195 480,http://canmore.org.uk/site/40588
40611,NS14NE 9,Ardneil,"Unidentified Flint(S) (Flint), Unidentified Pottery (Medieval)",218100,648900,NORTH AYRSHIRE,AYRSHIRE,WEST KILBRIDE,NS 181 489,http://canmore.org.uk/site/40611
40838,NS20NW 14,Maidens,Unidentified Flint(S) (Flint),221000,607500,SOUTH AYRSHIRE,AYRSHIRE,KIRKOSWALD,NS 210 075,http://canmore.org.uk/site/40838
40902,NS20SW 22,Dowhill,Unidentified Flint(S) (Flint),220400,603500,SOUTH AYRSHIRE,AYRSHIRE,KIRKOSWALD,NS 204 035,http://canmore.org.uk/site/40902
40927,NS21NE 15,Low Glenayes,"Unidentified Flint(S) (Flint), Unidentified Pottery (Medieval)",228200,618200,SOUTH AYRSHIRE,AYRSHIRE,MAYBOLE,NS 282 182,http://canmore.org.uk/site/40927
40928,NS21NE 16,Fisherton,Unidentified Flint(S) (Flint),225800,616600,SOUTH AYRSHIRE,AYRSHIRE,MAYBOLE,NS 258 166,http://canmore.org.uk/site/40928
41017,NS24NW 29,"West Kilbride, Chapelton","Unidentified Flint(S) (Flint), Unidentified Pottery (Medieval)",220800,646500,NORTH AYRSHIRE,AYRSHIRE,WEST KILBRIDE,NS 208 465,http://canmore.org.uk/site/41017
41066,NS24SE 20,Stevenston Sands,"Armlet(S), Arrowhead(S), Gouge, Knife(S), Ring(S), Scraper (Tool)(S)",228000,641000,NORTH AYRSHIRE,AYRSHIRE,STEVENSTON,NS 28 41,http://canmore.org.uk/site/41066
42610,NS40SE 15,Loch Doon,Lithic Implement(S) (Flint),248200,601600,EAST AYRSHIRE,AYRSHIRE,DALMELLINGTON,NS 482 016,http://canmore.org.uk/site/42610
45372,NS69NW 6,Cardross,Implement (Antler)(Mesolithic),260000,697000,STIRLING,PERTHSHIRE,PORT OF MENTEITH,NS 60 97,http://canmore.org.uk/site/45372
46052,NS79NE 8,Park Of Keir,"Findspot (19th Century), Hammer (Stone)(Mesolithic)",278000,699000,STIRLING,PERTHSHIRE,DUNBLANE AND LECROPT,NS 78 99,http://canmore.org.uk/site/46052
46079,NS79NW 32,Meiklewood,Mattock (Antler),272000,695000,STIRLING,STIRLINGSHIRE,GARGUNNOCK,NS 72 95,http://canmore.org.uk/site/46079
47121,NS89NW 18,Airthrey Castle,"Animal Remains, Axe (Antler)(Mesolithic)",281700,696400,STIRLING,STIRLINGSHIRE,LOGIE (STIRLING),NS 817 964,http://canmore.org.uk/site/47121
47131,NS89NW 27,Causewayhead,Implement (Antler)(Mesolithic),280000,695000,STIRLING,STIRLINGSHIRE,LOGIE (STIRLING),NS 80 95,http://canmore.org.uk/site/47131
47277,NS90NE 1,"Daer Resevoir, Kirkhope Tower",Bastle (Medieval),296750,606510,SOUTH LANARKSHIRE,LANARKSHIRE,CRAWFORD,NS 9675 0651,http://canmore.org.uk/site/47277
47795,NS97NE 18,Inveravon,Shell Midden (Period Unassigned),295190,679810,FALKIRK,WEST LOTHIAN,BO'NESS AND CARRIDEN,NS 9519 7981,http://canmore.org.uk/site/47795
49494,NT08SE 3,Broomhall,Implement (Antler)(Mesolithic),307600,683800,FIFE,FIFE,DUNFERMLINE,NT 076 838,http://canmore.org.uk/site/49494
51178,NT21NE 5,Berrybush,"Findspot, Microlith (Mesolithic), Worked Object (Flint)",327000,619000,"SCOTTISH BORDERS, THE",SELKIRKSHIRE,YARROW,NT 27 19,http://canmore.org.uk/site/51178
51211,NT22SE 14,St Mary's Loch,"Findspot, Microlith(S) (Mesolithic), Unidentified Flint(S) (Flint), Worked Object(S) (Stone)",327000,623000,"SCOTTISH BORDERS, THE",SELKIRKSHIRE,YARROW,NT 270 230,http://canmore.org.uk/site/51211
51212,NT22SE 15,Kirkstead,"Findspot, Microlith(S) (Mesolithic), Unidentified Flint(S) (Flint), Worked Object(S) (Stone)",326000,624000,"SCOTTISH BORDERS, THE",SELKIRKSHIRE,YARROW,NT 26 24,http://canmore.org.uk/site/51212
51213,NT22SE 16,Eldinhope,"Findspot, Microlith(S) (Mesolithic), Unidentified Flint(S) (Flint), Worked Object(S) (Stone)",329000,624000,"SCOTTISH BORDERS, THE",SELKIRKSHIRE,YARROW,NT 29 24,http://canmore.org.uk/site/51213
51337,NT23NW 63,Manor Bridge,"Findspot, Flake(S) (Chert), Flake(S) (Flint), Microlith(S) (Mesolithic)",323000,639800,"SCOTTISH BORDERS, THE",PEEBLES-SHIRE,PEEBLES,NT 230 398,http://canmore.org.uk/site/51337
52526,NT27SE 610,"Edinburgh, 146 Canongate, Huntly House","House (16th Century), Museum (20th Century), Tenement (16th Century)",326435,673773,"EDINBURGH, CITY OF",MIDLOTHIAN,"EDINBURGH (EDINBURGH, CITY OF)",NT 26435 73773,http://canmore.org.uk/site/52526
53494,NT36NW 612,Elginhaugh,Unidentified Flint(S) (Flint)(Mesolithic),332100,667300,MIDLOTHIAN,MIDLOTHIAN,DALKEITH,NT 321 673,http://canmore.org.uk/site/53494
55441,NT52NW 30,Lindean,"Findspot, Unidentified Flint(S) (Flint)(Mesolithic)",350000,629000,"SCOTTISH BORDERS, THE",SELKIRKSHIRE,GALASHIELS,NT 50 29,http://canmore.org.uk/site/55441
55442,NT52NW 31,Whitlaw,"Findspot, Unidentified Flint(S) (Flint)(Mesolithic)",351000,629000,"SCOTTISH BORDERS, THE",SELKIRKSHIRE,GALASHIELS,NT 51 29,http://canmore.org.uk/site/55442
56959,NT62NE 2,Peniel Heugh,"Fort (Iron Age), Fort (Early Medieval), Lithic Implement (Mesolithic)",365350,626300,"SCOTTISH BORDERS, THE",ROXBURGHSHIRE,CRAILING,NT 65350 26300,http://canmore.org.uk/site/56959
57368,NT64SW 20,East Morriston,"Findspot, Microlith(S) (Mesolithic), Unidentified Flint(S) (Flint)(Prehistoric)",360000,642000,"SCOTTISH BORDERS, THE",BERWICKSHIRE,LEGERWOOD,NT 60 42,http://canmore.org.uk/site/57368
57369,NT64SW 21,West Morriston,"Findspot, Microlith(S) (Mesolithic), Unidentified Flint(S) (Flint)(Prehistoric)",360000,640500,"SCOTTISH BORDERS, THE",BERWICKSHIRE,LEGERWOOD,NT 600 405,http://canmore.org.uk/site/57369
60622,NX05SW 20,Rhinns Of Galloway,"Rubbing Stone (Post Medieval), Flake(S) (Flint), Hammerstone(S)",,,DUMFRIES AND GALLOWAY,WIGTOWNSHIRE,PORTPATRICK,NX  ,http://canmore.org.uk/site/60622
60629,NX05SW 27,Rhinns Of Galloway,Flake(S) (Flint),,,DUMFRIES AND GALLOWAY,WIGTOWNSHIRE,PORTPATRICK,NX  ,http://canmore.org.uk/site/60629
60750,NX06SE 10,Stranraer,Midden (Period Unassigned),206270,560400,DUMFRIES AND GALLOWAY,WIGTOWNSHIRE,INCH,NX 0627 6040,http://canmore.org.uk/site/60750
60774,NX06SE 32,Low Balyett,Unidentified Flint (Flint),208500,561500,DUMFRIES AND GALLOWAY,WIGTOWNSHIRE,INCH,NX 085 615,http://canmore.org.uk/site/60774
60812,NX06SE 67,Auchrocher Moss,Unidentified Flint(S) (Flint),208900,560600,DUMFRIES AND GALLOWAY,WIGTOWNSHIRE,INCH,NX 089 606,http://canmore.org.uk/site/60812
61067,NX13SW 31,Portankill,Flint Scatter (Prehistoric),213870,532490,DUMFRIES AND GALLOWAY,WIGTOWNSHIRE,KIRKMAIDEN,NX 1387 3249,http://canmore.org.uk/site/61067
61068,NX13SW 32,Portankill,"Bracelet (Glass), Spindle Whorl",213950,532590,DUMFRIES AND GALLOWAY,WIGTOWNSHIRE,KIRKMAIDEN,NX 1395 3259,http://canmore.org.uk/site/61068
61114,NX14NW 3,Kirkmabreck,Flint Scatter (Prehistoric),210500,547600,DUMFRIES AND GALLOWAY,WIGTOWNSHIRE,STONEYKIRK,NX 105 476,http://canmore.org.uk/site/61114
61122,NX14SW 10,Balgowan,Flint Scatter(S) (Prehistoric),211930,542460,DUMFRIES AND GALLOWAY,WIGTOWNSHIRE,KIRKMAIDEN,NX 1193 4246,http://canmore.org.uk/site/61122
61141,NX14SW 28,Terally,Flint Scatter (Prehistoric),212200,540900,DUMFRIES AND GALLOWAY,WIGTOWNSHIRE,KIRKMAIDEN,NX 122 409,http://canmore.org.uk/site/61141
61149,NX14SW 8,Terally,"Long Cist Cemetery (Early Medieval), Unidentified Flint(S) (Flint)",212270,541230,DUMFRIES AND GALLOWAY,WIGTOWNSHIRE,KIRKMAIDEN,NX 1227 4123,http://canmore.org.uk/site/61149
62047,NX19NE 22,Girvan Mains,Unidentified Flint(S) (Flint),219200,599900,SOUTH AYRSHIRE,AYRSHIRE,GIRVAN,NX 192 999,http://canmore.org.uk/site/62047
62049,NX19NE 24,Girvan Mains,Temporary Camp (Roman),219000,599106,SOUTH AYRSHIRE,AYRSHIRE,GIRVAN,NX 19000 99106,http://canmore.org.uk/site/62049
62253,NX25SW 23,Kilfillan,Unidentified Flint(S) (Flint),220440,554130,DUMFRIES AND GALLOWAY,WIGTOWNSHIRE,OLD LUCE,NX 2044 5413,http://canmore.org.uk/site/62253
62254,NX25SW 24,Gillespie,Unidentified Flint(S) (Flint),224950,551620,DUMFRIES AND GALLOWAY,WIGTOWNSHIRE,OLD LUCE,NX 2495 5162,http://canmore.org.uk/site/62254
62266,NX25SW 35,Stair Haven,Midden (Period Unassigned)(Possible),220860,554050,DUMFRIES AND GALLOWAY,WIGTOWNSHIRE,OLD LUCE,NX 2086 5405,http://canmore.org.uk/site/62266
62267,NX25SW 36,Mull Of Sinniness,Unidentified Flint(S) (Flint),222700,551800,DUMFRIES AND GALLOWAY,WIGTOWNSHIRE,OLD LUCE,NX 227 518,http://canmore.org.uk/site/62267
62725,NX34NW 31,Low Clone North,Flint Scatter (Prehistoric),233320,545330,DUMFRIES AND GALLOWAY,WIGTOWNSHIRE,MOCHRUM,NX 3332 4533,http://canmore.org.uk/site/62725
62727,NX34NW 33,Low Clone South,"Occupation Site (Period Unassigned), Unidentified Flint(S) (Flint)",233430,545000,DUMFRIES AND GALLOWAY,WIGTOWNSHIRE,MOCHRUM,NX 3343 4500,http://canmore.org.uk/site/62727
62781,NX34SE 37,Blairbuy,"Barbed And Tanged Arrowhead, Hammerstone, Perforated Object (Stone)",236300,541800,DUMFRIES AND GALLOWAY,WIGTOWNSHIRE,GLASSERTON,NX 363 418,http://canmore.org.uk/site/62781
62831,NX34SW 3,North Barsalloch,Flint Scatter (Prehistoric),234430,541940,DUMFRIES AND GALLOWAY,WIGTOWNSHIRE,MOCHRUM,NX 3443 4194,http://canmore.org.uk/site/62831
62832,NX34SW 4,Airlour,Flint Scatter (Prehistoric),234370,542800,DUMFRIES AND GALLOWAY,WIGTOWNSHIRE,MOCHRUM,NX 3437 4280,http://canmore.org.uk/site/62832
63076,NX43NE 21,Sheddock,Spindle Whorl,247700,539100,DUMFRIES AND GALLOWAY,WIGTOWNSHIRE,WHITHORN,NX 477 391,http://canmore.org.uk/site/63076
63086,NX43NE 30,Portyerrock,Unidentified Flint(S) (Flint),247300,539000,DUMFRIES AND GALLOWAY,WIGTOWNSHIRE,WHITHORN,NX 473 390,http://canmore.org.uk/site/63086
63163,NX44NE 31,Kilfillan,"Microlith(S), Unidentified Flint(S) (Flint)",246900,546600,DUMFRIES AND GALLOWAY,WIGTOWNSHIRE,SORBIE,NX 469 466,http://canmore.org.uk/site/63163
63246,NX44SE 13,Palmallet Loch,Unidentified Flint(S) (Flint),248000,542500,DUMFRIES AND GALLOWAY,WIGTOWNSHIRE,SORBIE,NX 480 425,http://canmore.org.uk/site/63246
63254,NX44SE 4,Cruggleton Castle,"Castle (Medieval), Motte (Medieval), Settlement (Period Unassigned), Tower House (Medieval)",248427,542816,DUMFRIES AND GALLOWAY,WIGTOWNSHIRE,SORBIE,NX 48427 42816,http://canmore.org.uk/site/63254
63406,NX45SW 31,Bladnoch,Unidentified Flint(S) (Flint),241800,554000,DUMFRIES AND GALLOWAY,WIGTOWNSHIRE,KIRKINNER,NX 418 540,http://canmore.org.uk/site/63406
63572,NX47NE 2,Loch Dee,"Lithic Implement (Chert), Unidentified Flint(S) (Flint)",247200,579000,DUMFRIES AND GALLOWAY,KIRKCUDBRIGHTSHIRE,MINNIGAFF,NX 472 790,http://canmore.org.uk/site/63572
63590,NX49NE 1,"Loch Doon, Donald's Isle",Settlement (Medieval),249430,596550,EAST AYRSHIRE,AYRSHIRE,STRAITON (CUMNOCK AND DOON VALLEY),NX 4943 9655,http://canmore.org.uk/site/63590
63593,NX49NE 3,Loch Doon,Microlith(S) (Flint),249300,595000,DUMFRIES AND GALLOWAY,KIRKCUDBRIGHTSHIRE,CARSPHAIRN,NX 493 950,http://canmore.org.uk/site/63593
63595,NX49NE 5,Loch Doon,Unidentified Flint(S) (Flint),249500,599500,EAST AYRSHIRE,AYRSHIRE,DALMELLINGTON,NX 495 995,http://canmore.org.uk/site/63595
63596,NX49NE 6,Loch Doon,Unidentified Flint(S) (Flint),249600,599700,EAST AYRSHIRE,AYRSHIRE,DALMELLINGTON,NX 496 997,http://canmore.org.uk/site/63596
63597,NX49NE 7,Loch Doon,Unidentified Flint(S) (Flint),249600,599800,EAST AYRSHIRE,AYRSHIRE,DALMELLINGTON,NX 496 998,http://canmore.org.uk/site/63597
63598,NX49NE 8,Loch Doon,Unidentified Flint(S) (Flint),249800,599800,EAST AYRSHIRE,AYRSHIRE,DALMELLINGTON,NX 498 998,http://canmore.org.uk/site/63598
63599,NX49NE 9,Loch Doon,Unidentified Flint(S) (Flint),249900,599600,EAST AYRSHIRE,AYRSHIRE,DALMELLINGTON,NX 499 996,http://canmore.org.uk/site/63599
63607,NX49SE 17,Loch Doon 12,Unidentified Flint(S) (Flint),247900,594100,EAST AYRSHIRE,AYRSHIRE,STRAITON (CUMNOCK AND DOON VALLEY),NX 479 941,http://canmore.org.uk/site/63607
63608,NX49SE 18,Loch Doon,Unidentified Flint(S) (Flint),248100,594100,EAST AYRSHIRE,AYRSHIRE,STRAITON (CUMNOCK AND DOON VALLEY),NX 481 941,http://canmore.org.uk/site/63608
63609,NX49SE 19,Loch Doon 14,Unidentified Flint(S) (Flint),248300,593900,EAST AYRSHIRE,AYRSHIRE,STRAITON (CUMNOCK AND DOON VALLEY),NX 483 939,http://canmore.org.uk/site/63609
63611,NX49SE 20,Loch Doon 16,Unidentified Flint(S) (Flint),248400,593600,EAST AYRSHIRE,AYRSHIRE,STRAITON (CUMNOCK AND DOON VALLEY),NX 484 936,http://canmore.org.uk/site/63611
63612,NX49SE 21,Loch Doon 17,Unidentified Flint(S) (Flint),248200,592700,EAST AYRSHIRE,AYRSHIRE,STRAITON (CUMNOCK AND DOON VALLEY),NX 482 927,http://canmore.org.uk/site/63612
63613,NX49SE 22,Loch Doon 18,Unidentified Flint(S) (Flint),248200,592800,EAST AYRSHIRE,AYRSHIRE,STRAITON (CUMNOCK AND DOON VALLEY),NX 482 928,http://canmore.org.uk/site/63613
63615,NX49SE 4,Loch Head,Field Boundary (Period Unassigned),248340,592480,DUMFRIES AND GALLOWAY,KIRKCUDBRIGHTSHIRE,CARSPHAIRN,NX 4834 9248,http://canmore.org.uk/site/63615
63617,NX49SE 6,Loch Doon,Arrowhead (Flint),,,DUMFRIES AND GALLOWAY,KIRKCUDBRIGHTSHIRE,CARSPHAIRN,NX  ,http://canmore.org.uk/site/63617
63618,NX49SE 7,Loch Doon,Unidentified Flint(S) (Flint),248500,594900,EAST AYRSHIRE,AYRSHIRE,STRAITON (CUMNOCK AND DOON VALLEY),NX 485 949,http://canmore.org.uk/site/63618
63619,NX49SE 8,Loch Doon,Unidentified Flint(S) (Flint),248400,594800,EAST AYRSHIRE,AYRSHIRE,STRAITON (CUMNOCK AND DOON VALLEY),NX 484 948,http://canmore.org.uk/site/63619
63620,NX49SE 9,Loch Doon,Unidentified Flint(S) (Flint),248300,594700,EAST AYRSHIRE,AYRSHIRE,STRAITON (CUMNOCK AND DOON VALLEY),NX 483 947,http://canmore.org.uk/site/63620
63766,NX56NW 4,Loch Grannoch,Unidentified Flint(S) (Flint),254000,568400,DUMFRIES AND GALLOWAY,KIRKCUDBRIGHTSHIRE,GIRTHON,NX 540 684,http://canmore.org.uk/site/63766
63767,NX56NW 5,Loch Grannoch,Unidentified Flint(S) (Flint),254100,568500,DUMFRIES AND GALLOWAY,KIRKCUDBRIGHTSHIRE,GIRTHON,NX 541 685,http://canmore.org.uk/site/63767
63777,NX57NE 2,"Moss Raploch, Clatteringshaws Loch","Hut Circle (Prehistoric), Bracelet (Glass)",255300,577650,DUMFRIES AND GALLOWAY,KIRKCUDBRIGHTSHIRE,KELLS,NX 5530 7765,http://canmore.org.uk/site/63777
63782,NX57NE 7,Clatteringshaws Loch,Unidentified Flint(S) (Flint),255400,577700,DUMFRIES AND GALLOWAY,KIRKCUDBRIGHTSHIRE,KELLS,NX 554 777,http://canmore.org.uk/site/63782
63786,NX57NW 10,Darrou,Unidentified Flint(S) (Flint),250100,579300,DUMFRIES AND GALLOWAY,KIRKCUDBRIGHTSHIRE,KELLS,NX 501 793,http://canmore.org.uk/site/63786
63789,NX57NW 2,Clatteringshaws Loch,Occupation Site (Period Unassigned),253100,577800,DUMFRIES AND GALLOWAY,KIRKCUDBRIGHTSHIRE,MINNIGAFF,NX 531 778,http://canmore.org.uk/site/63789
63791,NX57NW 4,Clatteringshaws Loch,Unidentified Flint(S) (Flint),253800,576700,DUMFRIES AND GALLOWAY,KIRKCUDBRIGHTSHIRE,MINNIGAFF,NX 538 767,http://canmore.org.uk/site/63791
63792,NX57NW 5,Clatteringshaws Loch,Unidentified Flint(S) (Flint),253900,576700,DUMFRIES AND GALLOWAY,KIRKCUDBRIGHTSHIRE,MINNIGAFF,NX 539 767,http://canmore.org.uk/site/63792
63793,NX57NW 6,Clatteringshaws Loch,Unidentified Flint(S) (Flint),253600,575400,DUMFRIES AND GALLOWAY,KIRKCUDBRIGHTSHIRE,MINNIGAFF,NX 536 754,http://canmore.org.uk/site/63793
63794,NX57NW 7,Clatteringshaws Loch,Unidentified Flint(S) (Flint),253600,575300,DUMFRIES AND GALLOWAY,KIRKCUDBRIGHTSHIRE,MINNIGAFF,NX 536 753,http://canmore.org.uk/site/63794
63795,NX57NW 8,Clatteringshaws Loch,Unidentified Flint(S) (Flint),253700,575400,DUMFRIES AND GALLOWAY,KIRKCUDBRIGHTSHIRE,MINNIGAFF,NX 537 754,http://canmore.org.uk/site/63795
63796,NX57NW 9,Clatteringshaws Loch,Unidentified Flint(S) (Flint),253700,575300,DUMFRIES AND GALLOWAY,KIRKCUDBRIGHTSHIRE,MINNIGAFF,NX 537 753,http://canmore.org.uk/site/63796
63798,NX57SW 2,Loch Grannoch,Unidentified Flint(S) (Flint),254800,571400,DUMFRIES AND GALLOWAY,KIRKCUDBRIGHTSHIRE,GIRTHON,NX 548 714,http://canmore.org.uk/site/63798
63799,NX57SW 3,Loch Grannoch,Unidentified Flint(S) (Flint),254700,571300,DUMFRIES AND GALLOWAY,KIRKCUDBRIGHTSHIRE,GIRTHON,NX 547 713,http://canmore.org.uk/site/63799
63800,NX57SW 4,Loch Grannoch,Unidentified Flint(S) (Flint),254600,571300,DUMFRIES AND GALLOWAY,KIRKCUDBRIGHTSHIRE,GIRTHON,NX 546 713,http://canmore.org.uk/site/63800
63801,NX57SW 5,Loch Grannoch,Unidentified Flint(S) (Flint),254500,571100,DUMFRIES AND GALLOWAY,KIRKCUDBRIGHTSHIRE,GIRTHON,NX 545 711,http://canmore.org.uk/site/63801
64205,NX67NW 1,Dalarran Holm,Standing Stone (Prehistoric),263880,579160,DUMFRIES AND GALLOWAY,KIRKCUDBRIGHTSHIRE,BALMACLELLAN,NX 63880 79160,http://canmore.org.uk/site/64205
64208,NX67NW 12,Cairn Edward,Unidentified Flint(S) (Flint),263500,575100,DUMFRIES AND GALLOWAY,KIRKCUDBRIGHTSHIRE,KELLS,NX 635 751,http://canmore.org.uk/site/64208
64245,NX68NW 10,Kendoon,"Hearth (Period Unassigned), Blade(S), Core(S), Scraper (Tool)(S), Unidentified Flint(S) (Flint)",260500,587400,DUMFRIES AND GALLOWAY,KIRKCUDBRIGHTSHIRE,DALRY (STEWARTRY),NX 605 874,http://canmore.org.uk/site/64245
64254,NX68NW 19,Todstone Holm,Unidentified Flint(S) (Flint),260700,585200,DUMFRIES AND GALLOWAY,KIRKCUDBRIGHTSHIRE,DALRY (STEWARTRY),NX 607 852,http://canmore.org.uk/site/64254
64256,NX68NW 20,Todstone Holm,Unidentified Flint(S) (Flint),260600,585300,DUMFRIES AND GALLOWAY,KIRKCUDBRIGHTSHIRE,DALRY (STEWARTRY),NX 606 853,http://canmore.org.uk/site/64256
64257,NX68NW 21,Todstone Holm,Unidentified Flint(S) (Flint),260600,585400,DUMFRIES AND GALLOWAY,KIRKCUDBRIGHTSHIRE,DALRY (STEWARTRY),NX 606 854,http://canmore.org.uk/site/64257
64258,NX68NW 22,Water Of Ken,Flake(S) (Flint),260300,587500,DUMFRIES AND GALLOWAY,KIRKCUDBRIGHTSHIRE,KELLS,NX 603 875,http://canmore.org.uk/site/64258
64259,NX68NW 23,Kendoon,Flake(S) (Flint),260500,587600,DUMFRIES AND GALLOWAY,KIRKCUDBRIGHTSHIRE,DALRY (STEWARTRY),NX 605 876,http://canmore.org.uk/site/64259
64304,NX68SW 25,Waterside,Flake(S) (Flint),261100,580600,DUMFRIES AND GALLOWAY,KIRKCUDBRIGHTSHIRE,KELLS,NX 611 806,http://canmore.org.uk/site/64304
64305,NX68SW 26,Waterside,Unidentified Flint(S) (Flint),261300,580800,DUMFRIES AND GALLOWAY,KIRKCUDBRIGHTSHIRE,KELLS,NX 613 808,http://canmore.org.uk/site/64305
64306,NX68SW 27,Todstone Holm,Flake(S) (Flint),260600,584900,DUMFRIES AND GALLOWAY,KIRKCUDBRIGHTSHIRE,DALRY (STEWARTRY),NX 606 849,http://canmore.org.uk/site/64306
64342,NX69SW 15,Craig Pool,"Flake(S), Point (Chert), Scraper (Tool) (Flint)",263500,592000,DUMFRIES AND GALLOWAY,KIRKCUDBRIGHTSHIRE,CARSPHAIRN,NX 635 920,http://canmore.org.uk/site/64342
64344,NX69SW 17,Smittons,"Enclosure (Period Unassigned), Flake(S) (Chert), Unidentified Flint(S) (Flint)",263520,591740,DUMFRIES AND GALLOWAY,KIRKCUDBRIGHTSHIRE,DALRY (STEWARTRY),NX 6352 9174,http://canmore.org.uk/site/64344
64345,NX69SW 18,High Bridge Of Ken,"Flake(S) (Chert), Flake(S) (Flint)",261800,590200,DUMFRIES AND GALLOWAY,KIRKCUDBRIGHTSHIRE,CARSPHAIRN,NX 618 902,http://canmore.org.uk/site/64345
64361,NX69SW 31,High Bridge Of Ken,Flake(S) (Flint),261900,590200,DUMFRIES AND GALLOWAY,KIRKCUDBRIGHTSHIRE,DALRY (STEWARTRY),NX 619 902,http://canmore.org.uk/site/64361
64362,NX69SW 32,High Bridge Of Ken,Flake(S) (Flint),262100,590100,DUMFRIES AND GALLOWAY,KIRKCUDBRIGHTSHIRE,DALRY (STEWARTRY),NX 621 901,http://canmore.org.uk/site/64362
64363,NX69SW 33,High Bridge Of Ken,Flake(S) (Flint),262200,590200,DUMFRIES AND GALLOWAY,KIRKCUDBRIGHTSHIRE,DALRY (STEWARTRY),NX 622 902,http://canmore.org.uk/site/64363
64364,NX69SW 34,Culmark,Flake(S) (Flint),263800,590900,DUMFRIES AND GALLOWAY,KIRKCUDBRIGHTSHIRE,DALRY (STEWARTRY),NX 638 909,http://canmore.org.uk/site/64364
64365,NX69SW 35,Culmark,Flake(S) (Flint),263900,590900,DUMFRIES AND GALLOWAY,KIRKCUDBRIGHTSHIRE,DALRY (STEWARTRY),NX 639 909,http://canmore.org.uk/site/64365
64366,NX69SW 36,Smittons Bridge,Unidentified Flint(S) (Flint),263400,591800,DUMFRIES AND GALLOWAY,KIRKCUDBRIGHTSHIRE,DALRY (STEWARTRY),NX 634 918,http://canmore.org.uk/site/64366
64367,NX69SW 37,Long Knowe,Unidentified Flint(S) (Flint),263500,592100,DUMFRIES AND GALLOWAY,KIRKCUDBRIGHTSHIRE,CARSPHAIRN,NX 635 921,http://canmore.org.uk/site/64367
64368,NX69SW 38,Black Burn,Flake(S) (Flint),263300,593300,DUMFRIES AND GALLOWAY,KIRKCUDBRIGHTSHIRE,CARSPHAIRN,NX 633 933,http://canmore.org.uk/site/64368
64369,NX69SW 39,Black Burn Bridge,Flake(S) (Flint),263500,593500,DUMFRIES AND GALLOWAY,KIRKCUDBRIGHTSHIRE,CARSPHAIRN,NX 635 935,http://canmore.org.uk/site/64369
64371,NX69SW 40,Craigengillan,Flake(S) (Flint),263700,594700,DUMFRIES AND GALLOWAY,KIRKCUDBRIGHTSHIRE,CARSPHAIRN,NX 637 947,http://canmore.org.uk/site/64371
64372,NX69SW 41,Craigengillan,Flake(S) (Flint),263800,594800,DUMFRIES AND GALLOWAY,KIRKCUDBRIGHTSHIRE,CARSPHAIRN,NX 638 948,http://canmore.org.uk/site/64372
64903,NX85SW 10,Hestan Island,Shell Midden (Period Unassigned),283810,550480,DUMFRIES AND GALLOWAY,KIRKCUDBRIGHTSHIRE,RERRICK,NX 8381 5048,http://canmore.org.uk/site/64903
64911,NX85SW 2,Mote Of Mark,Fort (Medieval),284504,554023,DUMFRIES AND GALLOWAY,KIRKCUDBRIGHTSHIRE,COLVEND AND SOUTHWICK,NX 84504 54023,http://canmore.org.uk/site/64911
64918,NX85SW 9,Rockcliffe,Blade (Flint),284940,553770,DUMFRIES AND GALLOWAY,KIRKCUDBRIGHTSHIRE,COLVEND AND SOUTHWICK,NX 8494 5377,http://canmore.org.uk/site/64918
64955,NX86NW 20,Cowar,Occupation Site (Period Unassigned),284600,566600,DUMFRIES AND GALLOWAY,KIRKCUDBRIGHTSHIRE,KIRKGUNZEON,NX 846 666,http://canmore.org.uk/site/64955
65368,NX95NE 39,Maxwellfield,"Blade(S), Core(S)",297700,556700,DUMFRIES AND GALLOWAY,KIRKCUDBRIGHTSHIRE,KIRKBEAN,NX 977 567,http://canmore.org.uk/site/65368
65370,NX95NE 40,Tallowquhairn,Lithic Implement(S),299700,558300,DUMFRIES AND GALLOWAY,KIRKCUDBRIGHTSHIRE,KIRKBEAN,NX 997 583,http://canmore.org.uk/site/65370
65371,NX95NE 41,"Arbigland, 'stony Park'","Blade(S), Core(S)",298900,557400,DUMFRIES AND GALLOWAY,KIRKCUDBRIGHTSHIRE,KIRKBEAN,NX 989 574,http://canmore.org.uk/site/65371
65373,NX95NE 43,Powillimount,"Blade(S), Core(S)",298500,556500,DUMFRIES AND GALLOWAY,KIRKCUDBRIGHTSHIRE,KIRKBEAN,NX 985 565,http://canmore.org.uk/site/65373
66753,NY17SW 8,Brocklerigg,"Flint Scatter (Mesolithic), Leaf Arrowhead",314500,573300,DUMFRIES AND GALLOWAY,DUMFRIES-SHIRE,ST MUNGO,NY 145 733,http://canmore.org.uk/site/66753
67379,NY29SW 13,Twiglees,"Lithic Working Site(S) (Prehistoric), Unidentified Pottery (Medieval)",322000,594000,DUMFRIES AND GALLOWAY,DUMFRIES-SHIRE,ESKDALEMUIR,NY 22 94,http://canmore.org.uk/site/67379
67473,NY36NW 7,Gretna,Blade (Flint),331560,567130,DUMFRIES AND GALLOWAY,DUMFRIES-SHIRE,GRETNA,NY 3156 6713,http://canmore.org.uk/site/67473
68553,NX95NW 13,Mainsriddle,Lithic Implement(S),294800,556400,DUMFRIES AND GALLOWAY,KIRKCUDBRIGHTSHIRE,KIRKBEAN,NX 948 564,http://canmore.org.uk/site/68553
69491,HY31NE 21,Redland,Unidentified Flint(S) (Flint),337500,1017100,ORKNEY ISLANDS,ORKNEY,FIRTH,HY 375 171,http://canmore.org.uk/site/69491
69492,HY31SE 36,Rennibister,Unidentified Flint(S) (Flint),339800,1012300,ORKNEY ISLANDS,ORKNEY,FIRTH,HY 398 123,http://canmore.org.uk/site/69492
69493,HY40NE 26,Slap O' Valdigar,Unidentified Flint(S) (Flint),349900,1008600,ORKNEY ISLANDS,ORKNEY,ST ANDREWS AND DEERNESS,HY 499 086,http://canmore.org.uk/site/69493
69494,HY41SW 134,Wideford Hill,Unidentified Flint(S) (Flint),341000,1011000,ORKNEY ISLANDS,ORKNEY,KIRKWALL AND ST OLA,HY 41 11,http://canmore.org.uk/site/69494
69507,HY62NW 34,"Stronsay, Sands Of Odie",Unidentified Flint(S) (Flint),362800,1029600,ORKNEY ISLANDS,ORKNEY,STRONSAY,HY 628 296,http://canmore.org.uk/site/69507
69508,HY62NE 32,"Stronsay, Millfield",Unidentified Flint(S) (Flint),365800,1025000,ORKNEY ISLANDS,ORKNEY,STRONSAY,HY 658 250,http://canmore.org.uk/site/69508
69509,HY62SE 34,Stronsay,"Unidentified Flint(S) (Flint), Unidentified Pottery",360000,1020000,ORKNEY ISLANDS,ORKNEY,STRONSAY,HY 6 2,http://canmore.org.uk/site/69509
70077,NM82NW 30,"Oban, Carding Mill Bay","Human Remains (Period Unassigned), Shell Midden (Period Unassigned)",184740,729350,ARGYLL AND BUTE,ARGYLL,KILMORE AND KILBRIDE,NM 8474 2935,http://canmore.org.uk/site/70077
70296,NR39SE 98,"Colonsay, Scalasaig Hotel",Flint Scatter (Prehistoric),139400,694000,ARGYLL AND BUTE,ARGYLL,COLONSAY AND ORONSAY,NR 394 940,http://canmore.org.uk/site/70296
72693,NB13NW 17,"Lewis, Sron A' Chrip","Human Remains (Period Unassigned), Midden (Period Unassigned), Shell Midden (Mesolithic), Death Burial Or Funerary Object(S) (Quartz)",110070,936400,WESTERN ISLES,ROSS AND CROMARTY,UIG,NB 1007 3640,http://canmore.org.uk/site/72693
75258,ND24SE 11,"Camster, Long",Microlith(S),326010,944200,HIGHLAND,CAITHNESS,WICK,ND 2601 4420,http://canmore.org.uk/site/75258
75260,ND35NW 23,Ackergill Links,Unidentified Flint(S) (Flint),334000,956000,HIGHLAND,CAITHNESS,WICK,ND 34 56,http://canmore.org.uk/site/75260
75264,ND37SE 33,John O' Groats,Unidentified Flint(S) (Flint),338000,973000,HIGHLAND,CAITHNESS,CANISBAY,ND 38 73,http://canmore.org.uk/site/75264
75495,NS40SE 21,Loch Doon,"Lithic Implement(S) (Stone), Unidentified Flint (Flint)",248300,600400,EAST AYRSHIRE,AYRSHIRE,DALMELLINGTON,NS 483 004,http://canmore.org.uk/site/75495
76291,NR71NW 15,Arinascavach,"Findspot, Lithic Implement(S) (Flint)",172200,615000,ARGYLL AND BUTE,ARGYLL,CAMPBELTOWN,NR 722 150,http://canmore.org.uk/site/76291
77085,NY19SW 59,Kirkhill Farm,"Burnt Mound (Prehistoric), Flint Scatter (Prehistoric), Structure(S) (Period Unassigned)",310400,592600,DUMFRIES AND GALLOWAY,DUMFRIES-SHIRE,JOHNSTONE,NY 104 926,http://canmore.org.uk/site/77085
77835,NX97NE 148,"Dumfries, Irish Street, British Legion Building","Flake(S) (Chert), Unidentified Pottery (Medieval)",297100,575900,DUMFRIES AND GALLOWAY,DUMFRIES-SHIRE,DUMFRIES,NX 971 759,http://canmore.org.uk/site/77835
81562,NT43SE 37,The Rink,"Findspot, Flake (Flint), Worked Object (Chert)",348900,632300,"SCOTTISH BORDERS, THE",SELKIRKSHIRE,GALASHIELS,NT 489 323,http://canmore.org.uk/site/81562
81881,NM44SE 14,"Torr Daraich, Mull","Findspot, Core (Flint)",145100,740400,ARGYLL AND BUTE,ARGYLL,KILNINIAN AND KILMORE,NM 451 404,http://canmore.org.uk/site/81881
82705,NR25NW 66,"Islay, Port Mor",Field Boundary (Period Unassigned),124830,657440,ARGYLL AND BUTE,ARGYLL,KILCHOMAN,NR 2483 5744,http://canmore.org.uk/site/82705
83012,NR37SW 9,"Islay, Traigh Baile Aonghais","Cave(S) (Period Unassigned), Rig And Furrow (Medieval)",132400,672800,ARGYLL AND BUTE,ARGYLL,KILLAROW AND KILMENY,NR 324 728,http://canmore.org.uk/site/83012
83679,NJ81NW 53,Wester Fintray,"Palisaded Enclosure (Period Unassigned), Pit(S) (Period Unassigned), Rig And Furrow (Medieval), Roundhouse (Prehistoric)",380886,815770,ABERDEENSHIRE,ABERDEENSHIRE,FINTRAY,NJ 80886 15770,http://canmore.org.uk/site/83679
87194,NK02NW 29,Sands Of Forvie,Lithic Working Site (Prehistoric),401000,825100,ABERDEENSHIRE,ABERDEENSHIRE,SLAINS,NK 010 251,http://canmore.org.uk/site/87194
89300,NS47SW 79,Bishopton,Unidentified Flint(S) (Flint),243300,672500,RENFREWSHIRE,RENFREWSHIRE,ERSKINE,NS 433 725,http://canmore.org.uk/site/89300
89826,NS10SE 3,Littlehill Bridge,Flint Scatter (Prehistoric),219300,600200,SOUTH AYRSHIRE,AYRSHIRE,GIRVAN,NS 193 002,http://canmore.org.uk/site/89826
91743,HY50NW 61,Langskaill,"Barrow (Prehistoric), Lithic Scatter (Mesolithic)",350940,1005990,ORKNEY ISLANDS,ORKNEY,ST ANDREWS AND DEERNESS,HY 5094 0599,http://canmore.org.uk/site/91743
106615,NR69SE 7,"Jura, Bogh' A' Chuirn",Lithic Working Site (Prehistoric),168400,693700,ARGYLL AND BUTE,ARGYLL,JURA,NR 684 937,http://canmore.org.uk/site/106615
108867,NJ40SE 67,Braeroddach Loch,No Class (Event),348100,800200,ABERDEENSHIRE,ABERDEENSHIRE,ABOYNE AND GLENTANAR,NJ 481 002,http://canmore.org.uk/site/108867
110124,NO60NW 306,Craighead,"Pit(S) (Period Unassigned), Axehead (Stone), Bracelet",363040,709750,FIFE,FIFE,CRAIL,NO 6304 0975,http://canmore.org.uk/site/110124
110125,NO60NW 307,Craighead,"Pit(S) (Period Unassigned), Bead (Jet), Unidentified Flint(S) (Flint), Unidentified Pottery (Bronze Age)",363230,709740,FIFE,FIFE,CRAIL,NO 6323 0974,http://canmore.org.uk/site/110125
110126,NO60NW 308,Craighead,"Pit(S) (Period Unassigned), Flake(S) (Flint), Microlith(S)",363650,709510,FIFE,FIFE,CRAIL,NO 6365 0951,http://canmore.org.uk/site/110126
110853,NT08SW 109,Blackness Bay,Barbed Point (Antler),304300,680600,FALKIRK,WEST LOTHIAN,BO'NESS AND CARRIDEN,NT 043 806,http://canmore.org.uk/site/110853
117557,ND26SW 15,Caithness Area,Unidentified Flint(S) (Flint),320000,960000,HIGHLAND,CAITHNESS,WICK,ND 2 6,http://canmore.org.uk/site/117557
123593,NS90NE 12,"Daer Reservoir, Beld Knowe",Burnt Mound(S) (Prehistoric),298820,607970,SOUTH LANARKSHIRE,LANARKSHIRE,CRAWFORD,NS 9882 0797,http://canmore.org.uk/site/123593
123594,NS90NE 13,"Sweetshaw Rig, Daer Reservoir",Cairn(S) (Period Unassigned),298310,607940,SOUTH LANARKSHIRE,LANARKSHIRE,CRAWFORD,NS 9831 0794,http://canmore.org.uk/site/123594
138737,NT24SW 102,Edston 2,Chert Scatter (Prehistoric),321300,640100,"SCOTTISH BORDERS, THE",PEEBLES-SHIRE,PEEBLES,NT 213 401,http://canmore.org.uk/site/138737
138912,NS95SW 45,Hare Hill,"Flint Scatter (Prehistoric), Pit(S) (Period Unassigned), Turf Bank (Period Unassigned)",292290,654630,SOUTH LANARKSHIRE,LANARKSHIRE,CARNWATH,NS 9229 5463,http://canmore.org.uk/site/138912
140913,NT04NW 59,Weston Farm,"Chert Scatter (Prehistoric), Flint Scatter(S) (Prehistoric), Arrowhead(S), Axehead (Stone), Quern, Unidentified Pottery (Neolithic)",302600,646500,SOUTH LANARKSHIRE,LANARKSHIRE,CARNWATH,NT 026 465,http://canmore.org.uk/site/140913
141312,NT04NE 65,Garvald,Chert Scatter (Prehistoric),309890,648720,"SCOTTISH BORDERS, THE",PEEBLES-SHIRE,LINTON (TWEEDDALE),NT 0989 4872,http://canmore.org.uk/site/141312
141864,NS90NE 14,"Daer Reservoir, Beld Knowe",Cairn(S) (Period Unassigned),298600,607900,SOUTH LANARKSHIRE,LANARKSHIRE,CRAWFORD,NS 986 079,http://canmore.org.uk/site/141864
157346,NS93NW 40,Blackshouse Burn,Flint Scatter (Prehistoric),294800,639500,SOUTH LANARKSHIRE,LANARKSHIRE,COVINGTON AND THANKERTON,NS 948 395,http://canmore.org.uk/site/157346
157350,NS93NW 41,Brookfield,"Lithic Working Site (Prehistoric), Post Hole(S) (Period Unassigned), Unidentified Pottery (Bronze Age)",292600,638000,SOUTH LANARKSHIRE,LANARKSHIRE,CARMICHAEL,NS 926 380,http://canmore.org.uk/site/157350
157485,NH79SE 38,Achinchanter,Microlith (Mesolithic),279600,890200,HIGHLAND,SUTHERLAND,DORNOCH,NH 796 902,http://canmore.org.uk/site/157485
157989,NG62SE 34,"Skye, Cill Ashik",Shell Midden(S) (Period Unassigned),168710,824240,HIGHLAND,INVERNESS-SHIRE,STRATH,NG 6871 2424,http://canmore.org.uk/site/157989
158019,NG46NE 33,"Skye, An Corran","Flint Scatter(S) (Prehistoric), Midden(S) (Period Unassigned)",148770,868400,HIGHLAND,INVERNESS-SHIRE,KILMUIR,NG 4877 6840,http://canmore.org.uk/site/158019
158911,NR93SW 97,"Arran, Bridge Farm","Cultivation Remains (Prehistoric)(Possible), Lime Kiln (Post Medieval), Lithic Working Site (Mesolithic)(Possible), Flake (Pitchstone)(Prehistoric), Leaf Arrowhead (Prehistoric), Unidentified Pottery",192660,632140,NORTH AYRSHIRE,BUTESHIRE,KILMORY,NR 9266 3214,http://canmore.org.uk/site/158911
165124,NK02NW 47,Sands Of Forvie,Midden(S) (Period Unassigned),400700,825800,ABERDEENSHIRE,ABERDEENSHIRE,SLAINS,NK 007 258,http://canmore.org.uk/site/165124
179987,NO49NW 81,Cambus O' May,Flint Scatter (Prehistoric),341750,798000,ABERDEENSHIRE,ABERDEENSHIRE,"GLENMUICK, TULLICH AND GLENGAIRN",NO 4175 9800,http://canmore.org.uk/site/179987
186637,NT04NW 64,Weston Farm,Penannular Brooch,304110,647400,SOUTH LANARKSHIRE,LANARKSHIRE,DUNSYRE,NT 0411 4740,http://canmore.org.uk/site/186637
192560,NG62SE 36,Ashaig,Lithic Scatter (Prehistoric),169220,824100,HIGHLAND,INVERNESS-SHIRE,STRATH,NG 6922 2410,http://canmore.org.uk/site/192560
192575,NG62SE 37,Ashaig,Lithic Scatter (Prehistoric),168800,823900,HIGHLAND,INVERNESS-SHIRE,STRATH,NG 6880 2390,http://canmore.org.uk/site/192575
195079,NS90NE 17,Daer Reservoir,Lithic Scatter (Prehistoric),296770,606920,SOUTH LANARKSHIRE,LANARKSHIRE,CRAWFORD,NS 9677 0692,http://canmore.org.uk/site/195079
195081,NS90NE 18,Daer Reservoir,Lithic Scatter (Prehistoric),297130,607600,SOUTH LANARKSHIRE,LANARKSHIRE,CRAWFORD,NS 9713 0760,http://canmore.org.uk/site/195081
195084,NS90NE 19,Daer Reservoir,Lithic Scatter (Prehistoric),298550,607950,SOUTH LANARKSHIRE,LANARKSHIRE,CRAWFORD,NS 9855 0795,http://canmore.org.uk/site/195084
195094,NS90NE 20,Daer Reservoir,Lithic Scatter (Prehistoric),297050,606700,SOUTH LANARKSHIRE,LANARKSHIRE,CRAWFORD,NS 9705 0670,http://canmore.org.uk/site/195094
195967,NS02SW 38,"Arran, Kildonan",Lithic Scatter (Prehistoric),203100,620800,NORTH AYRSHIRE,BUTESHIRE,KILMORY,NS 031 208,http://canmore.org.uk/site/195967
207764,NJ90SW 209,Charleston Farm,"Cottage (Period Unassigned), Culvert(S) (Period Unassigned), Drain(S) (Period Unassigned), Dyke(S) (Period Unassigned), Pottery Scatter (Neolithic), Organic Material (Wood)(Mesolithic)",393850,800270,"ABERDEEN, CITY OF",KINCARDINESHIRE,NIGG (CITY OF ABERDEEN),NJ 9385 0027,http://canmore.org.uk/site/207764
212799,NT77NW 86,"Dunbar, East Barns","Midden (Period Unassigned), Pit(S) (Period Unassigned), Post Hole(S) (Period Unassigned), Bowl (Pottery)(Neolithic), Lithic Implement(S), Unidentified Pottery (Prehistoric)",371280,676740,EAST LOTHIAN,EAST LOTHIAN,DUNBAR,NT 7128 7674,http://canmore.org.uk/site/212799
216532,NT04SE 70,Brownsbank Farm,"Lithic Scatter (Palaeolithic), Lithic Scatter (Mesolithic), Unidentified Pottery (Neolithic)",308000,643000,SOUTH LANARKSHIRE,LANARKSHIRE,BIGGAR,NT 080 430,http://canmore.org.uk/site/216532
240606,ND16SE 97,Knockdee,Lithic Scatter (Mesolithic),317000,961000,HIGHLAND,CAITHNESS,BOWER,ND 170 610,http://canmore.org.uk/site/240606
273019,NJ81NW 190,Kintore Landscape Project,No Class (Event),381000,815900,ABERDEENSHIRE,ABERDEENSHIRE,FINTRAY,NJ 810 159,http://canmore.org.uk/site/273019
274115,HU31SE 102,"Shetland, Sumburgh, West Voe",Midden (Period Unassigned),439200,1111000,SHETLAND ISLANDS,SHETLAND,DUNROSSNESS,HU 3920 1100,http://canmore.org.uk/site/274115
276031,NX06NW 95,Wig Sands,Core (Flint),203800,567900,DUMFRIES AND GALLOWAY,WIGTOWNSHIRE,KIRKCOLM,NX 038 679,http://canmore.org.uk/site/276031
276032,NO42NE 159,Tentsmuir,Core (Flint),348000,725000,FIFE,FIFE,LEUCHARS,NO 48 25,http://canmore.org.uk/site/276032
282768,HY21SE 92,Arion Farm,Flint Scatter (Neolithic),328900,1014400,ORKNEY ISLANDS,ORKNEY,SANDWICK,HY 289 144,http://canmore.org.uk/site/282768
282769,HY31NE 40,Redland Farm,Flint Scatter (Bronze Age),337600,1017400,ORKNEY ISLANDS,ORKNEY,FIRTH,HY 376 174,http://canmore.org.uk/site/282769
283369,NS91SE 58,Daer Valley,Lithic Scatter (Mesolithic),295292,610319,SOUTH LANARKSHIRE,LANARKSHIRE,CRAWFORD,NS 95292 10319,http://canmore.org.uk/site/283369
283370,NS91SE 59,Daer Valley,Lithic Scatter (Mesolithic),295196,610295,SOUTH LANARKSHIRE,LANARKSHIRE,CRAWFORD,NS 95196 10295,http://canmore.org.uk/site/283370
294518,NJ71NE 249,"Port Elphinstone, Mill Road, Broom Lodge","Archaeological Feature(S) (Mesolithic), Pit(S) (Period Unassigned), Sherd(S) (Bronze Age), Unidentified Flint (Bronze Age)",377824,819548,ABERDEENSHIRE,ABERDEENSHIRE,KINTORE,NJ 77824 19548,http://canmore.org.uk/site/294518
295984,NH91NE 24,Loch Garten,Flint Scatter (Mesolithic),297800,818500,HIGHLAND,INVERNESS-SHIRE,ABERNETHY AND KINCARDINE,NH 978 185,http://canmore.org.uk/site/295984
296097,NM39NW 64,"Isle Of Rum, Orval, Bealach A' Braigh Bhig",Lithic Implement (Mesolithic),134000,799000,HIGHLAND,INVERNESS-SHIRE,SMALL ISLES,NM 34 99,http://canmore.org.uk/site/296097
304908,NR36SE 68,"Islay, Storakaig","Artefact Scatter (Mesolithic), Organic Material (Bone), Organic Material",139632,662641,ARGYLL AND BUTE,ARGYLL,KILLAROW AND KILMENY,NR 39632 62641,http://canmore.org.uk/site/304908
311299,NR36SW 75,"Islay,  West Eallabus Wood",Pit (Mesolithic),133116,663237,ARGYLL AND BUTE,ARGYLL,KILLAROW AND KILMENY,NR 33116 63237,http://canmore.org.uk/site/311299
317860,NR26SW 108,"Islay, Rockside",Lithic Scatter (Prehistoric),122100,663800,ARGYLL AND BUTE,ARGYLL,KILCHOMAN,NR 221 638,http://canmore.org.uk/site/317860
320343,NJ92SE 117,Menie Links,"Microlith(S) (Mesolithic), Unidentified Flint(S)",399000,821000,ABERDEENSHIRE,ABERDEENSHIRE,BELHELVIE,NJ 99000 21000,http://canmore.org.uk/site/320343
333438,NT17NW 321,"South Queensferry, Echline Fields","Ditch(S) (Period Unassigned), Hearth(S) (Period Unassigned), Kiln (Medieval)(Possible), Occupation Site (Mesolithic), Pit(S) (Period Unassigned), Structure (Period Unassigned), Arrowhead (Flint)(Neolithic), Unidentified Pottery (Neolithic)",311422,678220,"EDINBURGH, CITY OF",WEST LOTHIAN,DALMENY,NT 11422 78220,http://canmore.org.uk/site/333438
339709,NO79NW 104,Crathes Castle Policies,"Cairn(S) (Post Medieval), Post Hole(S) (Neolithic)(Possible), Wall(S) (Period Unassigned), Sherd (Neolithic)",373599,796798,ABERDEENSHIRE,KINCARDINESHIRE,BANCHORY-TERNAN,NO 73599 96798,http://canmore.org.uk/site/339709
341328,NT85SW 74,Middlestots,"Findspot, Animal Remains (Mesolithic)",382400,651200,"SCOTTISH BORDERS, THE",BERWICKSHIRE,EDROM,NT 82400 51200,http://canmore.org.uk/site/341328
341839,NT52NW 118,Lindean Reservoir,Hunting Site (Mesolithic),350230,629120,"SCOTTISH BORDERS, THE",SELKIRKSHIRE,GALASHIELS,NT 50230 29120,http://canmore.org.uk/site/341839
341897,NT03NE 111,Oak Brae,Lithic Working Site (Mesolithic),309000,635600,"SCOTTISH BORDERS, THE",PEEBLES-SHIRE,"BROUGHTON, GLENHOLM AND KILBUCHO",NT 09000 35600,http://canmore.org.uk/site/341897
342267,NT43SE 187,River Tweed,"Findspot, Unidentified Flint (Mesolithic)",346220,632500,"SCOTTISH BORDERS, THE",SELKIRKSHIRE,CADDONFOOT,NT 46220 32500,http://canmore.org.uk/site/342267
343392,NT63NW 69,Brotherstone (3),"Findspot, Microlith (Mesolithic)",361000,637000,"SCOTTISH BORDERS, THE",BERWICKSHIRE,MERTOUN,NT 61000 37000,http://canmore.org.uk/site/343392
343393,NT53SE 271,Monksford Field,"Findspot, Microlith (Mesolithic)",358500,632700,"SCOTTISH BORDERS, THE",BERWICKSHIRE,MERTOUN,NT 58500 32700,http://canmore.org.uk/site/343393
343534,NT63SW 111,Whitrig Bog,Hunting Site (Mesolithic),361900,634800,"SCOTTISH BORDERS, THE",BERWICKSHIRE,MERTOUN,NT 61900 34800,http://canmore.org.uk/site/343534
343620,NT25SW 38,Linnfall,"Findspot, Microlith (Mesolithic)",324100,650870,"SCOTTISH BORDERS, THE",PEEBLES-SHIRE,EDDLESTON,NT 24100 50870,http://canmore.org.uk/site/343620
344106,NT42NE 375,Philiphaugh,"Findspot, Microlith (Mesolithic)",348700,628000,"SCOTTISH BORDERS, THE",SELKIRKSHIRE,SELKIRK,NT 48700 28000,http://canmore.org.uk/site/344106
347672,NX25NE 49,Tarf Water,Lithic Scatter (Mesolithic),227800,559900,DUMFRIES AND GALLOWAY,WIGTOWNSHIRE,OLD LUCE,NX 278 599,http://canmore.org.uk/site/347672
348338,NB13NW 229,Traigh Na Beirigh,Shell Midden (Mesolithic),110030,936330,WESTERN ISLES,ROSS AND CROMARTY,UIG,NB 1003 3633,http://canmore.org.uk/site/348338
348736,NR25NW 99,"Islay, Low Nerabus","Hearth(S) (Period Unassigned), Linear Feature(S) (Period Unassigned), Post Hole(S) (Period Unassigned), Stack Stand (Post Medieval)(Possible), Track (19th Century), Organic Material (Mesolithic), Polisher(S), Unidentified Flint(S)",122580,655105,ARGYLL AND BUTE,ARGYLL,KILBRANDON AND KILCHATTAN,NR 22580 55105,http://canmore.org.uk/site/348736
351302,NR46SE 13,"Jura, Ardfin","Bank (Earthwork) (18th Century), Clearance Cairn (19th Century)(Possible), Pit (Mesolithic), Trench (Possible), Lithic Implement(S) (Stone)(Prehistoric), Scraper (Tool) (Quartz)(Prehistoric), Unidentified Flint(S) (Prehistoric), Worked Object (Stone)",148376,663484,ARGYLL AND BUTE,ARGYLL,JURA,NR 48376 63484,http://canmore.org.uk/site/351302
351324,NO79NE 99,Mills Of Drum,Ditch (Period Unassigned),376293,796586,ABERDEENSHIRE,KINCARDINESHIRE,BANCHORY-TERNAN,NO 76293 96586,http://canmore.org.uk/site/351324
351742,HY21SE 110,Cumminess Wood,Plank (Mesolithic),328180,1010465,ORKNEY ISLANDS,ORKNEY,STENNESS,HY 28180 10465,http://canmore.org.uk/site/351742
352782,NX15NE 165,West Challoch,Building (Mesolithic),215964,557038,DUMFRIES AND GALLOWAY,WIGTOWNSHIRE,OLD LUCE,NX 15964 57038,http://canmore.org.uk/site/352782
353657,NT64NE 62,Rumbletonlaw Sand And Gravel Quarry,Assemblage (Mesolithic),366587,646303,"SCOTTISH BORDERS, THE",BERWICKSHIRE,GORDON,NT 66587 46303,http://canmore.org.uk/site/353657
354485,NX15NE 167,"Dunragit, South Boreland","Cremation Pit(S), Flint Scatter (Mesolithic), Ring Groove House (Prehistoric)",217800,557190,DUMFRIES AND GALLOWAY,WIGTOWNSHIRE,OLD LUCE,NX 17800 57190,http://canmore.org.uk/site/354485
354740,NM66NW 11,"Ardnamurchan, Gorteneorn","Buried Land Surface(S), Occupation Site(S) (Mesolithic)(Possible), Occupation Site(S) (Neolithic)(Possible)",162662,769229,HIGHLAND,ARGYLL,ARDNAMURCHAN,NM 62662 69229,http://canmore.org.uk/site/354740
355344,NG46NE 54,"Staffin Bay, Fo Foid Na Time","Flint Scatter (Mesolithic), Organic Material(S) (Period Unassigned), Organic Material (Bone)(Period Unassigned)",148602,868337,HIGHLAND,INVERNESS-SHIRE,KILMUIR,NG 48602 68337,http://canmore.org.uk/site/355344
355709,NO43SE 546,Ardownie,Lithic Scatter (Mesolithic),349300,734100,ANGUS,ANGUS,MONIFIETH (ANGUS),NO 4930 3410,http://canmore.org.uk/site/355709
357415,NO79NE 102,Durris,"Axehead (Stone)(Neolithic), Blade (Flint)(Mesolithic)",378798,795939,ABERDEENSHIRE,KINCARDINESHIRE,DURRIS,NO 78798 95939,http://canmore.org.uk/site/357415
358245,NH78NE 117,Dornoch Bridge Quarry,Funerary Site (Mesolithic),276260,889220,HIGHLAND,SUTHERLAND,DORNOCH,NH 7626 8922,http://canmore.org.uk/site/358245
358460,NG35NE 43,South Cuidrach,"Lithic Scatter (Mesolithic), Lithic Scatter (Palaeolithic)",138352,857729,HIGHLAND,INVERNESS-SHIRE,SNIZORT,NG 38352 57729,http://canmore.org.uk/site/358460
363268,NO79NE 103,Mesolithic Deeside,Lithic Scatter(S) (Prehistoric),375305,796092,ABERDEENSHIRE,KINCARDINESHIRE,BANCHORY-TERNAN,NO 75305 96092,http://canmore.org.uk/site/363268
